W/c ratio ,Cement Content ,Fine Aggregate ,Coarse Aggregate ,Water content ,SiO2 ,CaO ,Fe2O3 ,Al2O3 ,Specific Gravity ,Curing Days ,Replacement Percentage ,Compressive Strength
0.32 ,168 ,701 ,1052 ,120 ,62.6 ,5.8 ,4.5 ,20.9 ,2.01 ,1 ,50 ,7.7
0.4 ,385 ,729 ,1094 ,154 ,62.6 ,5.8 ,4.5 ,20.9 ,2.01 ,1 ,0 ,21.4
0.42 ,389 ,729 ,1093 ,164 ,62.6 ,5.8 ,4.5 ,20.9 ,2.01 ,1 ,0 ,30.5
0.32 ,168 ,701 ,1052 ,120 ,62.6 ,5.8 ,4.5 ,20.9 ,2.01 ,7 ,50 ,15.9
0.32 ,170 ,710 ,1066 ,122 ,62.6 ,5.8 ,4.5 ,20.9 ,2.01 ,7 ,50 ,20.9
0.32 ,391 ,740 ,1111 ,125 ,62.6 ,5.8 ,4.5 ,20.9 ,2.01 ,7 ,- ,30.5
0.4 ,385 ,729 ,1094 ,154 ,62.6 ,5.8 ,4.5 ,20.9 ,2.01 ,7 ,0 ,32.5
0.42 ,389 ,729 ,1093 ,164 ,62.6 ,5.8 ,4.5 ,20.9 ,2.01 ,7 , ,
0.32 ,168 ,701 ,1052 ,120 ,62.6 ,5.8 ,4.5 ,20.9 ,2.01 ,14 ,50 ,19.6
0.32 ,170 ,710 ,1066 ,122 ,62.6 ,5.8 ,4.5 ,20.9 ,2.01 ,14 ,50 ,27.1
0.32 ,391 ,740 ,1111 ,125 ,62.6 ,5.8 ,4.5 ,20.9 ,2.01 ,14 ,- ,37.5
0.4 ,385 ,729 ,1094 ,154 ,62.6 ,5.8 ,4.5 ,20.9 ,2.01 ,14 ,0 ,34.4
0.42 ,389 ,729 ,1093 ,164 ,62.6 ,5.8 ,4.5 ,20.9 ,2.01 ,14 ,0 ,41
0.32 ,168 ,701 ,1052 ,120 ,62.6 ,5.8 ,4.5 ,20.9 ,2.01 ,28 ,50 ,24
0.32 ,170 ,710 ,1066 ,122 ,62.6 ,5.8 ,4.5 ,20.9 ,2.01 ,28 ,50 ,30.5
0.32 ,391 ,740 ,1111 ,125 ,62.6 ,5.8 ,4.5 ,20.9 ,2.01 ,28 ,- ,43.8
0.32 ,391 ,740 ,1111 ,125 ,62.6 ,5.8 ,4.5 ,20.9 ,2.01 ,28 ,- ,43.3
0.4 ,385 ,729 ,1094 ,154 ,62.6 ,5.8 ,4.5 ,20.9 ,2.01 ,28 ,0 ,38.6
0.4 ,385 ,729 ,1094 ,154 ,62.6 ,5.8 ,4.5 ,20.9 ,2.01 ,28 ,0 ,38.8
0.42 ,389 ,729 ,1093 ,164 ,62.6 ,5.8 ,4.5 ,20.9 ,2.01 ,28 ,0 ,46.3
0.42 ,384 ,720 ,1081 ,162 ,62.6 ,5.8 ,4.5 ,20.9 ,2.01 ,28 ,0 ,42.1
0.32 ,168 ,701 ,1052 ,120 ,62.6 ,5.8 ,4.5 ,20.9 ,2.01 ,91 ,50 ,32.7
0.32 ,170 ,710 ,1066 ,122 ,62.6 ,5.8 ,4.5 ,20.9 ,2.01 ,91 ,50 ,41.6
0.32 ,391 ,740 ,1111 ,125 ,62.6 ,5.8 ,4.5 ,20.9 ,2.01 ,91 ,- ,53.7
0.4 ,385 ,729 ,1094 ,154 ,62.6 ,5.8 ,4.5 ,20.9 ,2.01 ,91 ,- ,43.4
0.42 ,389 ,729 ,1093 ,164 ,62.6 ,5.8 ,4.5 ,20.9 ,2.01 ,91 ,0 ,50.4
0.32 ,168 ,701 ,1052 ,120 ,62.6 ,5.8 ,4.5 ,20.9 ,2.01 ,365 ,50 ,40.3
0.32 ,170 ,710 ,1066 ,122 ,62.6 ,5.8 ,4.5 ,20.9 ,2.01 ,365 ,50 ,61.9
0.5 ,336 ,739 ,1105 ,167 ,52.4 ,13.4 ,4.7 ,23.4 ,2.08 ,1 ,0 ,16.7
0.45 ,247 ,845 ,846 ,186 ,52.4 ,13.4 ,4.7 ,23.4 ,2.08 ,1 ,40 ,8.7
0.4 ,238 ,844 ,844 ,189 ,52.4 ,13.4 ,4.7 ,23.4 ,2.08 ,1 ,40 ,10.7
0.35 ,232 ,846 ,847 ,136 ,52.4 ,13.4 ,4.7 ,23.4 ,2.08 ,1 ,40 ,16.6
0.45 ,207 ,845 ,843 ,188 ,52.4 ,13.4 ,4.7 ,23.4 ,2.08 ,1 ,50 ,6.1
0.4 ,200 ,842 ,843 ,161 ,52.4 ,13.4 ,4.7 ,23.4 ,2.08 ,1 ,50 ,7
0.35 ,197 ,856 ,856 ,138 ,52.4 ,13.4 ,4.7 ,23.4 ,2.08 ,1 ,50 ,7.8
0.45 ,169 ,833 ,853 ,190 ,52.4 ,13.4 ,4.7 ,23.4 ,2.08 ,1 ,60 ,5.2
0.4 ,163 ,851 ,851 ,164 ,52.4 ,13.4 ,4.7 ,23.4 ,2.08 ,1 ,60 ,4.9
0.35 ,161 ,866 ,864 ,141 ,52.4 ,13.4 ,4.7 ,23.4 ,2.08 ,1 ,60 ,7.3
0.5 ,336 ,739 ,1105 ,167 ,52.4 ,13.4 ,4.7 ,23.4 ,2.08 ,7 ,0 ,27.3
0.45 ,247 ,845 ,846 ,186 ,52.4 ,13.4 ,4.7 ,23.4 ,2.08 ,7 ,40 ,21.2
0.4 ,238 ,844 ,844 ,189 ,52.4 ,13.4 ,4.7 ,23.4 ,2.08 ,7 ,40 ,25.8
0.35 ,232 ,846 ,847 ,136 ,52.4 ,13.4 ,4.7 ,23.4 ,2.08 ,7 ,40 ,31.3
0.45 ,207 ,845 ,843 ,188 ,52.4 ,13.4 ,4.7 ,23.4 ,2.08 ,7 ,50 ,17.4
0.4 ,200 ,842 ,843 ,161 ,52.4 ,13.4 ,4.7 ,23.4 ,2.08 ,7 ,50 ,19.3
0.35 ,197 ,856 ,856 ,138 ,52.4 ,13.4 ,4.7 ,23.4 ,2.08 ,7 ,50 ,22.9
0.45 ,169 ,833 ,853 ,190 ,52.4 ,13.4 ,4.7 ,23.4 ,2.08 ,7 ,60 ,15.6
0.4 ,163 ,851 ,851 ,164 ,52.4 ,13.4 ,4.7 ,23.4 ,2.08 ,7 ,60 ,14.7
0.35 ,161 ,866 ,864 ,141 ,52.4 ,13.4 ,4.7 ,23.4 ,2.08 ,7 ,60 ,20.6
0.5 ,336 ,739 ,1105 ,167 ,52.4 ,13.4 ,4.7 ,23.4 ,2.08 ,28 ,0 ,34.6
0.45 ,247 ,845 ,846 ,186 ,52.4 ,13.4 ,4.7 ,23.4 ,2.08 ,28 ,40 ,34.6
0.4 ,238 ,844 ,844 ,189 ,52.4 ,13.4 ,4.7 ,23.4 ,2.08 ,28 ,40 ,37.8
0.35 ,232 ,846 ,847 ,136 ,52.4 ,13.4 ,4.7 ,23.4 ,2.08 ,28 ,40 ,48.3
0.45 ,207 ,845 ,843 ,188 ,52.4 ,13.4 ,4.7 ,23.4 ,2.08 ,28 ,50 ,33.2
0.4 ,200 ,842 ,843 ,161 ,52.4 ,13.4 ,4.7 ,23.4 ,2.08 ,28 ,50 ,34.9
0.35 ,197 ,856 ,856 ,138 ,52.4 ,13.4 ,4.7 ,23.4 ,2.08 ,28 ,50 ,28.9
0.45 ,169 ,833 ,853 ,190 ,52.4 ,13.4 ,4.7 ,23.4 ,2.08 ,28 ,60 ,30.2
0.4 ,163 ,851 ,851 ,164 ,52.4 ,13.4 ,4.7 ,23.4 ,2.08 ,28 ,60 ,26.2
0.35 ,161 ,866 ,864 ,141 ,52.4 ,13.4 ,4.7 ,23.4 ,2.08 ,28 ,60 ,35.8
0.64 ,300 , , , , , , , , , , ,
0.64 ,300 , , , , , , , , , , ,
0.31 ,231 ,852 ,1047 ,119 ,32.2 ,31.9 ,5.6 ,18.1 ,2.58 ,1 ,40 ,17
0.3 ,195 ,854 ,1041 ,120 ,34.9 ,27.6 ,6.2 ,19.6 ,2.62 ,1 ,50 ,7
0.3 ,156 ,834 ,1026 ,121 ,30.9 ,31.4 ,5.2 ,18.3 ,2.68 ,1 ,60 ,0.8
0.3 ,229 ,827 ,1040 ,115 ,32.2 ,31.9 ,5.6 ,18.1 ,2.58 ,1 ,40 ,9.7
0.29 ,193 ,836 ,1032 ,114 ,34.9 ,27.6 ,6.2 ,19.6 ,2.62 ,1 ,50 ,4.8
0.3 ,155 ,842 ,1016 ,116 ,30.9 ,31.4 ,5.2 ,18.3 ,2.68 ,1 ,60 ,2.3
0.3 ,229 ,844 ,1032 ,113 ,32.2 ,31.9 ,5.6 ,18.1 ,2.58 ,1 ,40 ,16.4
0.3 ,193 ,850 ,1126 ,116 ,34.9 ,27.6 ,6.2 ,19.6 ,2.62 ,1 ,50 ,13.1
0.3 ,154 ,818 ,1016 ,117 ,30.9 ,31.4 ,5.2 ,18.3 ,2.68 ,1 ,60 ,6.9
0.31 ,368 ,886 ,1085 ,115 ,- ,- ,- ,- ,- ,7 ,0 ,40.3
0.31 ,231 ,852 ,1047 ,119 ,32.2 ,31.9 ,5.6 ,18.1 ,2.58 ,7 ,40 ,42.8
0.3 ,195 ,854 ,1041 ,120 ,34.9 ,27.6 ,6.2 ,19.6 ,2.62 ,7 ,50 ,34.3
0.3 ,156 ,834 ,1026 ,121 ,30.9 ,31.4 ,5.2 ,18.3 ,2.68 ,7 ,60 ,26.9
0.3 ,229 ,827 ,1040 ,115 ,32.2 ,31.9 ,5.6 ,18.1 ,2.58 ,7 ,40 ,32.6
0.29 ,193 ,836 ,1032 ,114 ,34.9 ,27.6 ,6.2 ,19.6 ,2.62 ,7 ,50 ,23.4
0.3 ,155 ,842 ,1016 ,116 ,30.9 ,31.4 ,5.2 ,18.3 ,2.68 ,7 ,60 ,22.1
0.3 ,229 ,844 ,1032 ,113 ,32.2 ,31.9 ,5.6 ,18.1 ,2.58 ,7 ,40 ,37.7
0.3 ,193 ,850 ,1126 ,116 ,34.9 ,27.6 ,6.2 ,19.6 ,2.62 ,7 ,50 ,33.9
0.3 ,154 ,818 ,1016 ,117 ,30.9 ,31.4 ,5.2 ,18.3 ,2.68 ,7 ,60 ,25.8
0.31 ,368 ,886 ,1085 ,115 ,- ,- ,- ,- ,- ,28 ,0 ,48.6
0.31 ,231 ,852 ,1047 ,119 ,32.2 ,31.9 ,5.6 ,18.1 ,2.58 ,28 ,40 ,55.3
0.3 ,195 ,854 ,1041 ,120 ,34.9 ,27.6 ,6.2 ,19.6 ,2.62 ,28 ,50 ,44
0.3 ,156 ,834 ,1026 ,121 ,30.9 ,31.4 ,5.2 ,18.3 ,2.68 ,28 ,60 ,43.7
0.3 ,229 ,827 ,1040 ,115 ,32.2 ,31.9 ,5.6 ,18.1 ,2.58 ,28 ,40 ,44.6
0.29 ,193 ,836 ,1032 ,114 ,34.9 ,27.6 ,6.2 ,19.6 ,2.62 ,28 ,50 ,36.8
0.3 ,155 ,842 ,1016 ,116 ,30.9 ,31.4 ,5.2 ,18.3 ,2.68 ,28 ,60 ,28.6
0.3 ,229 ,844 ,1032 ,113 ,32.2 ,31.9 ,5.6 ,18.1 ,2.58 ,28 ,40 ,46.3
0.3 ,193 ,850 ,1126 ,116 ,34.9 ,27.6 ,6.2 ,19.6 ,2.62 ,28 ,50 ,42.2
0.3 ,154 ,818 ,1016 ,117 ,30.9 ,31.4 ,5.2 ,18.3 ,2.68 ,28 ,60 ,40
0.31 ,368 ,886 ,1085 ,115 ,- ,- ,- ,- ,- ,91 ,0 ,53
0.31 ,231 ,852 ,1047 ,119 ,32.2 ,31.9 ,5.6 ,18.1 ,2.58 ,91 ,40 ,67.9
0.3 ,195 ,854 ,1041 ,120 ,34.9 ,27.6 ,6.2 ,19.6 ,2.62 ,91 ,50 ,51.2
0.3 ,156 ,834 ,1026 ,121 ,30.9 ,31.4 ,5.2 ,18.3 ,2.68 ,91 ,60 ,54.4
0.3 ,229 ,827 ,1040 ,115 ,32.2 ,31.9 ,5.6 ,18.1 ,2.58 ,91 ,40 ,52.9
0.29 ,193 ,836 ,1032 ,114 ,34.9 ,27.6 ,6.2 ,19.6 ,2.62 ,91 ,50 ,43.4
0.3 ,155 ,842 ,1016 ,116 ,30.9 ,31.4 ,5.2 ,18.3 ,2.68 ,91 ,60 ,41.9
0.3 ,229 ,844 ,1032 ,113 ,32.2 ,31.9 ,5.6 ,18.1 ,2.58 ,91 ,40 ,51.1
0.3 ,193 ,850 ,1126 ,116 ,34.9 ,27.6 ,6.2 ,19.6 ,2.62 ,91 ,50 ,51.3
0.3 ,154 ,818 ,1016 ,117 ,30.9 ,31.4 ,5.2 ,18.3 ,2.68 ,91 ,60 ,44.2
0.31 ,368 ,886 ,1085 ,115 ,365 ,0 ,66.5 , , , , ,
0.31 ,231 ,852 ,1047 ,119 ,32.2 ,31.9 ,5.6 ,18.1 ,2.58 ,365 ,40 ,72.5
0.3 ,195 ,854 ,1041 ,120 ,34.9 ,27.6 ,6.2 ,19.6 ,2.62 ,365 ,50 ,66.9
0.3 ,156 ,834 ,1026 ,121 ,30.9 ,31.4 ,5.2 ,18.3 ,2.68 ,365 ,60 ,60.8
0.3 ,229 ,827 ,1040 ,115 ,32.2 ,31.9 ,5.6 ,18.1 ,2.58 ,365 ,40 ,63.3
0.29 ,193 ,836 ,1032 ,114 ,34.9 ,27.6 ,6.2 ,19.6 ,2.62 ,365 ,50 ,55.1
0.3 ,155 ,842 ,1016 ,116 ,30.9 ,31.4 ,5.2 ,18.3 ,2.68 ,365 ,60 ,52.9
0.3 ,229 ,844 ,1032 ,113 ,32.2 ,31.9 ,5.6 ,18.1 ,2.58 ,365 ,40 ,62.9
0.3 ,154 ,818 ,1016 ,117 ,30.9 ,31.4 ,5.2 ,18.3 ,2.68 ,365 ,60 ,55.7
0.31 ,155 ,616 ,1264 ,114 ,55.6 ,12.3 ,3.48 ,23.1 ,- ,28 ,33.2 ,
0.45 ,409 ,829 ,1026 ,184 ,59.15 ,5.93 ,3.85 ,21.63 ,- ,3 ,0 ,36.5
0.45 ,249.4 ,829 ,1026 ,184 ,59.15 ,5.93 ,3.85 ,21.63 ,- ,3 ,40 ,20.3
0.45 ,184.1 ,829 ,1026 ,184 ,59.15 ,5.93 ,3.85 ,21.63 ,- ,3 ,55 ,12.1
0.45 ,122.7 ,829 ,1026 ,184 ,59.15 ,5.93 ,3.85 ,21.63 ,- ,3 ,60 ,4.7
0.45 ,409 ,829 ,1026 ,184 ,59.15 ,5.93 ,3.85 ,21.63 ,- ,7 , ,
0.45 ,249.4 ,829 ,1026 ,184 ,59.15 ,5.93 ,3.85 ,21.63 ,- ,7 ,40 ,24.3
0.45 ,184.1 ,829 ,1026 ,184 ,59.15 ,5.93 ,3.85 ,21.63 ,- ,7 ,55 ,15
0.45 ,122.7 ,829 ,1026 ,184 ,59.15 ,5.93 ,3.85 ,21.63 ,- ,7 ,60 ,6.7
0.45 ,409 ,829 ,1026 ,184 ,59.15 ,5.93 ,3.85 ,21.63 ,- ,28 ,0 ,47.8
0.45 ,249.4 ,829 ,1026 ,184 ,59.15 ,5.93 ,3.85 ,21.63 ,- ,28 ,40 ,39.6
0.45 ,184.1 ,829 ,1026 ,184 ,59.15 ,5.93 ,3.85 ,21.63 ,- ,28 ,55 ,26.5
0.45 ,122.7 ,829 ,1026 ,184 ,59.15 ,5.93 ,3.85 ,21.63 ,- ,28 ,60 ,11.5
0.45 ,409 ,829 ,1026 ,184 ,59.15 ,5.93 ,3.85 ,21.63 ,- ,56 ,0 ,50.7
0.45 ,249.4 ,829 ,1026 ,184 ,59.15 ,5.93 ,3.85 ,21.63 ,- ,56 ,40 ,48.3
0.45 ,184.1 ,829 ,1026 ,184 ,59.15 ,5.93 ,3.85 ,21.63 ,- ,56 ,55 ,34.4
0.45 ,122.7 ,829 ,1026 ,184 ,59.15 ,5.93 ,3.85 ,21.63 ,- ,56 ,60 ,16
0.45 ,409 ,829 ,1026 ,184 ,59.15 ,5.93 ,3.85 ,21.63 ,- ,90 ,0 ,52.5
0.45 ,249.4 ,829 ,1026 ,184 ,59.15 ,5.93 ,3.85 ,21.63 ,- ,90 ,40 ,51.1
0.45 ,184.1 ,829 ,1026 ,184 ,59.15 ,5.93 ,3.85 ,21.63 ,- ,90 ,55 ,41.2
0.45 ,122.7 ,829 ,1026 ,184 ,59.15 ,5.93 ,3.85 ,21.63 ,- ,90 ,60 ,28.1
0.56 ,360 ,616 ,410 ,25.1 ,39.8 ,15.2 ,13.7 ,21.5 ,- ,28 ,0 ,43.2
0.56 ,322 ,611 ,408 ,23.9 ,39.8 ,15.2 ,13.7 ,21.5 ,- ,28 ,10 ,41.5
0.56 ,320 ,607 ,404 ,25.4 ,39.8 ,15.2 ,13.7 ,21.5 ,- ,28 ,10 ,46.2
0.56 ,284 ,607 ,405 ,23.3 ,39.8 ,15.2 ,13.7 ,21.5 ,- ,28 ,20 ,37.5
0.56 ,280 ,598 ,398 ,26 ,39.8 ,15.2 ,13.7 ,21.5 ,- ,28 ,20 ,43
0.56 ,247 ,604 ,402 ,22.7 ,39.8 ,15.2 ,13.7 ,21.5 ,- ,28 ,30 ,33.5
0.56 ,243 ,594 ,396 ,25 ,39.8 ,15.2 ,13.7 ,21.5 ,- ,28 ,30 ,36.5
0.34 ,400 ,600 ,1200 ,136 ,50.2 ,2.6 ,13.2 ,28.6 ,2.4 ,1 ,0 ,12.05
0.32 ,400 ,600 ,1200 ,128 ,50.2 ,2.6 ,13.2 ,28.6 ,2.4 ,1 ,0 ,33.51
0.28 ,120 ,600 ,1200 ,112 ,50.2 ,2.6 ,13.2 ,28.6 ,2.4 ,1 ,70 ,1.76
0.29 ,120 ,600 ,1200 ,116 ,50.2 ,2.6 ,13.2 ,28.6 ,2.4 ,1 ,70 ,7.09
0.33 ,200 ,600 ,1200 ,132 ,50.2 ,2.6 ,13.2 ,28.6 ,2.4 ,1 ,50 ,5.62
0.3 ,200 ,600 ,1200 ,120 ,50.2 ,2.6 ,13.2 ,28.6 ,2.4 ,1 ,50 ,28.25
0.34 ,400 ,600 ,1200 ,136 ,50.2 ,2.6 ,13.2 ,28.6 ,2.4 ,3 ,0 ,38.41
0.32 ,400 ,600 ,1200 ,128 ,50.2 ,2.6 ,13.2 ,28.6 ,2.4 ,3 ,0 ,45.27
0.28 ,120 ,600 ,1200 ,112 ,50.2 ,2.6 ,13.2 ,28.6 ,2.4 ,3 ,70 ,16.34
0.29 ,120 ,600 ,1200 ,116 ,50.2 ,2.6 ,13.2 ,28.6 ,2.4 ,3 ,70 ,16.64
0.33 ,200 ,600 ,1200 ,132 ,50.2 ,2.6 ,13.2 ,28.6 ,2.4 ,3 ,50 ,31.85
0.3 ,200 ,600 ,1200 ,120 ,50.2 ,2.6 ,13.2 ,28.6 ,2.4 ,3 ,50 ,35.3
0.34 ,400 ,600 ,1200 ,136 ,50.2 ,2.6 ,13.2 ,28.6 ,2.4 ,7 ,0 ,49.27
0.32 ,400 ,600 ,1200 ,128 ,50.2 ,2.6 ,13.2 ,28.6 ,2.4 ,7 ,0 ,52.63
0.28 ,120 ,600 ,1200 ,112 ,50.2 ,2.6 ,13.2 ,28.6 ,2.4 ,7 ,70 ,24.01
0.29 ,120 ,600 ,1200 ,116 ,50.2 ,2.6 ,13.2 ,28.6 ,2.4 ,7 ,70 ,18.6
0.33 ,200 ,600 ,1200 ,132 ,50.2 ,2.6 ,13.2 ,28.6 ,2.4 ,7 ,50 ,38
0.3 ,200 ,600 ,1200 ,120 ,50.2 ,2.6 ,13.2 ,28.6 ,2.4 ,7 ,50 ,48.3
0.34 ,400 ,600 ,1200 ,136 ,50.2 ,2.6 ,13.2 ,28.6 ,2.4 ,28 ,0 ,60.75
0.32 ,400 ,600 ,1200 ,128 ,50.2 ,2.6 ,13.2 ,28.6 ,2.4 ,28 ,0 ,64.95
0.28 ,120 ,600 ,1200 ,112 ,50.2 ,2.6 ,13.2 ,28.6 ,2.4 ,28 ,70 ,33.25
0.29 ,120 ,600 ,1200 ,116 ,50.2 ,2.6 ,13.2 ,28.6 ,2.4 ,28 ,70 ,30.55
0.33 ,200 ,600 ,1200 ,132 ,50.2 ,2.6 ,13.2 ,28.6 ,2.4 ,28 ,50 ,57
0.3 ,200 ,600 ,1200 ,120 ,50.2 ,2.6 ,13.2 ,28.6 ,2.4 ,28 ,50 ,66.55
0.34 ,400 ,600 ,1200 ,136 ,50.2 ,2.6 ,13.2 ,28.6 ,2.4 ,91 ,0 ,65.03
0.32 ,400 ,600 ,1200 ,128 ,50.2 ,2.6 ,13.2 ,28.6 ,2.4 ,91 ,0 ,68.1
0.28 ,120 ,600 ,1200 ,112 ,50.2 ,2.6 ,13.2 ,28.6 ,2.4 ,91 ,70 ,40.75
0.29 ,120 ,600 ,1200 ,116 ,50.2 ,2.6 ,13.2 ,28.6 ,2.4 ,91 ,70 ,41.1
0.33 ,200 ,600 ,1200 ,132 ,50.2 ,2.6 ,13.2 ,28.6 ,2.4 ,91 ,50 ,60.2
0.3 ,200 ,600 ,1200 ,120 ,50.2 ,2.6 ,13.2 ,28.6 ,2.4 ,91 ,50 ,79
0.34 ,400 ,600 ,1200 ,136 ,50.2 ,2.6 ,13.2 ,28.6 ,2.4 ,180 ,0 ,69.13
0.32 ,400 ,600 ,1200 ,128 ,50.2 ,2.6 ,13.2 ,28.6 ,2.4 ,180 ,0 ,72.29
0.28 ,120 ,600 ,1200 ,112 ,50.2 ,2.6 ,13.2 ,28.6 ,2.4 ,180 ,70 ,42.25
0.29 ,120 ,600 ,1200 ,116 ,50.2 ,2.6 ,13.2 ,28.6 ,2.4 ,180 ,70 ,43
0.33 ,200 ,600 ,1200 ,132 ,50.2 ,2.6 ,13.2 ,28.6 ,2.4 ,180 ,50 ,67.3
0.3 ,200 ,600 ,1200 ,120 ,50.2 ,2.6 ,13.2 ,28.6 ,2.4 ,180 ,50 ,81.6
0.34 ,400 ,600 ,1200 ,136 ,50.2 ,2.6 ,13.2 ,28.6 ,2.4 ,365 ,0 ,71
0.32 ,400 ,600 ,1200 ,128 ,50.2 ,2.6 ,13.2 ,28.6 ,2.4 ,365 ,0 ,77.08
0.28 ,120 ,600 ,1200 ,112 ,50.2 ,2.6 ,13.2 ,28.6 ,2.4 ,365 ,70 ,45
0.29 ,120 ,600 ,1200 ,116 ,50.2 ,2.6 ,13.2 ,28.6 ,2.4 ,365 ,70 ,48.05
0.33 ,200 ,600 ,1200 ,132 ,50.2 ,2.6 ,13.2 ,28.6 ,2.4 ,365 ,50 ,67.6
0.3 ,200 ,600 ,1200 ,120 ,50.2 ,2.6 ,13.2 ,28.6 ,2.4 ,365 ,50 ,83.6
0.4 ,400 ,585 ,1270 ,160 ,62.54 ,1.54 ,4.98 ,28 ,2.4 ,7 ,0 ,3.56
0.4 ,320 ,564 ,1270 ,160 ,62.54 ,1.54 ,4.98 ,28 ,2.4 ,7 ,20 ,3.38
0.4 ,280 ,554 ,1270 ,160 ,62.54 ,1.54 ,4.98 ,28 ,2.4 ,7 ,30 ,3.06
0.4 ,240 ,543 ,1270 ,160 ,62.54 ,1.54 ,4.98 ,28 ,2.4 ,7 ,40 ,2.81
0.4 ,200 ,533 ,1270 ,160 ,62.54 ,1.54 ,4.98 ,28 ,2.4 ,7 ,50 ,2.64
0.4 ,160 ,522 ,1270 ,160 ,62.54 ,1.54 ,4.98 ,28 ,2.4 ,7 ,60 ,2.48
0.34 ,400 ,649 ,1270 ,136 ,62.54 ,1.54 ,4.98 ,28 ,2.4 ,7 ,0 ,4.16
0.34 ,320 ,628 ,1270 ,136 ,62.54 ,1.54 ,4.98 ,28 ,2.4 ,7 ,20 ,4.26
0.34 ,280 ,618 ,1270 ,136 ,62.54 ,1.54 ,4.98 ,28 ,2.4 ,7 ,30 ,3.78
0.34 ,240 ,607 ,1270 ,136 ,62.54 ,1.54 ,4.98 ,28 ,2.4 ,7 ,40 ,3.25
0.34 ,200 ,596 ,1270 ,136 ,62.54 ,1.54 ,4.98 ,28 ,2.4 ,7 ,50 ,2.98
0.34 ,160 ,586 ,1270 ,136 ,62.54 ,1.54 ,4.98 ,28 ,2.4 ,7 ,60 ,2.84
0.3 ,400 ,692 ,1270 ,120 ,62.54 ,1.54 ,4.98 ,28 ,2.4 ,7 ,0 ,4.31
0.3 ,320 ,671 ,1270 ,120 ,62.54 ,1.54 ,4.98 ,28 ,2.4 ,7 ,20 ,4.49
0.3 ,280 ,660 ,1270 ,120 ,62.54 ,1.54 ,4.98 ,28 ,2.4 ,7 ,30 ,3.86
0.3 ,240 ,650 ,1270 ,120 ,62.54 ,1.54 ,4.98 ,28 ,2.4 ,7 ,40 ,3.65
0.3 ,200 ,639 ,1270 ,120 ,62.54 ,1.54 ,4.98 ,28 ,2.4 ,7 ,50 ,3.5
0.3 ,160 ,628 ,1270 ,120 ,62.54 ,1.54 ,4.98 ,28 ,2.4 ,7 ,60 ,3.4
0.4 ,400 ,585 ,1270 ,160 ,62.54 ,1.54 ,4.98 ,28 ,2.4 ,28 ,0 ,4.5
0.4 ,320 ,564 ,1270 ,160 ,62.54 ,1.54 ,4.98 ,28 ,2.4 ,28 ,20 ,4.32
0.4 ,280 ,554 ,1270 ,160 ,62.54 ,1.54 ,4.98 ,28 ,2.4 ,28 ,30 ,4.26
0.4 ,240 ,543 ,1270 ,160 ,62.54 ,1.54 ,4.98 ,28 ,2.4 ,28 ,40 ,4.19
0.4 ,200 ,533 ,1270 ,160 ,62.54 ,1.54 ,4.98 ,28 ,2.4 ,28 ,50 ,3.82
0.4 ,160 ,522 ,1270 ,160 ,62.54 ,1.54 ,4.98 ,28 ,2.4 ,28 ,60 ,3.64
0.34 ,400 ,649 ,1270 ,136 ,62.54 ,1.54 ,4.98 ,28 ,2.4 ,28 ,0 ,5.11
0.34 ,320 ,628 ,1270 ,136 ,62.54 ,1.54 ,4.98 ,28 ,2.4 ,28 ,20 ,5.17
0.34 ,280 ,618 ,1270 ,136 ,62.54 ,1.54 ,4.98 ,28 ,2.4 ,28 ,30 ,4.81
0.34 ,240 ,607 ,1270 ,136 ,62.54 ,1.54 ,4.98 ,28 ,2.4 ,28 ,40 ,4.78
0.34 ,200 ,596 ,1270 ,136 ,62.54 ,1.54 ,4.98 ,28 ,2.4 ,28 ,50 ,4.48
0.34 ,160 ,586 ,1270 ,136 ,62.54 ,1.54 ,4.98 ,28 ,2.4 ,28 ,60 ,4.19
0.3 ,400 ,692 ,1270 ,120 ,62.54 ,1.54 ,4.98 ,28 ,2.4 ,28 ,0 ,5.65
0.3 ,320 ,671 ,1270 ,120 ,62.54 ,1.54 ,4.98 ,28 ,2.4 ,28 ,20 ,6
0.3 ,280 ,660 ,1270 ,120 ,62.54 ,1.54 ,4.98 ,28 ,2.4 ,28 ,30 ,5.62
0.3 ,240 ,650 ,1270 ,120 ,62.54 ,1.54 ,4.98 ,28 ,2.4 ,28 ,40 ,5.47
0.3 ,200 ,639 ,1270 ,120 ,62.54 ,1.54 ,4.98 ,28 ,2.4 ,28 ,50 ,5.28
0.3 ,160 ,628 ,1270 ,120 ,62.54 ,1.54 ,4.98 ,28 ,2.4 ,28 ,60 ,4.75
0.4 ,400 ,585 ,1270 ,160 ,62.54 ,1.54 ,4.98 ,28 ,2.4 ,90 ,0 ,4.79
0.4 ,320 ,564 ,1270 ,160 ,62.54 ,1.54 ,4.98 ,28 ,2.4 ,90 ,20 ,4.72
0.4 ,280 ,554 ,1270 ,160 ,62.54 ,1.54 ,4.98 ,28 ,2.4 ,90 ,30 ,4.89
0.4 ,240 ,543 ,1270 ,160 ,62.54 ,1.54 ,4.98 ,28 ,2.4 ,90 ,40 ,4.95
0.4 ,200 ,533 ,1270 ,160 ,62.54 ,1.54 ,4.98 ,28 ,2.4 ,90 ,50 ,4.61
0.4 ,160 ,522 ,1270 ,160 ,62.54 ,1.54 ,4.98 ,28 ,2.4 ,90 ,60 ,4.44
0.34 ,400 ,649 ,1270 ,136 ,62.54 ,1.54 ,4.98 ,28 ,2.4 ,90 ,0 ,5.51
0.34 ,320 ,628 ,1270 ,136 ,62.54 ,1.54 ,4.98 ,28 ,2.4 ,90 ,20 ,5.6
0.34 ,280 ,618 ,1270 ,136 ,62.54 ,1.54 ,4.98 ,28 ,2.4 ,90 ,30 ,5.74
0.34 ,240 ,607 ,1270 ,136 ,62.54 ,1.54 ,4.98 ,28 ,2.4 ,90 ,40 ,5.81
0.34 ,200 ,596 ,1270 ,136 ,62.54 ,1.54 ,4.98 ,28 ,2.4 ,90 ,50 ,5.43
0.34 ,160 ,586 ,1270 ,136 ,62.54 ,1.54 ,4.98 ,28 ,2.4 ,90 ,60 ,4.92
0.3 ,400 ,692 ,1270 ,120 ,62.54 ,1.54 ,4.98 ,28 ,2.4 ,90 ,0 ,6.37
0.3 ,320 ,671 ,1270 ,120 ,62.54 ,1.54 ,4.98 ,28 ,2.4 ,90 ,20 ,6.35
0.3 ,280 ,660 ,1270 ,120 ,62.54 ,1.54 ,4.98 ,28 ,2.4 ,90 ,30 ,6.4
0.3 ,240 ,650 ,1270 ,120 ,62.54 ,1.54 ,4.98 ,28 ,2.4 ,90 ,40 ,6.57
0.3 ,200 ,639 ,1270 ,120 ,62.54 ,1.54 ,4.98 ,28 ,2.4 ,90 ,50 ,5.86
0.3 ,160 ,628 ,1270 ,120 ,62.54 ,1.54 ,4.98 ,28 ,2.4 ,90 ,60 ,5.25
0.4 ,400 ,585 ,1270 ,160 ,62.54 ,1.54 ,4.98 ,28 ,2.4 ,180 ,0 ,5.26
0.4 ,320 ,564 ,1270 ,160 ,62.54 ,1.54 ,4.98 ,28 ,2.4 ,180 ,20 ,5.44
0.4 ,280 ,554 ,1270 ,160 ,62.54 ,1.54 ,4.98 ,28 ,2.4 ,180 ,30 ,5.49
0.4 ,240 ,543 ,1270 ,160 ,62.54 ,1.54 ,4.98 ,28 ,2.4 ,180 ,40 ,5.68
0.4 ,200 ,533 ,1270 ,160 ,62.54 ,1.54 ,4.98 ,28 ,2.4 ,180 ,50 ,5.41
0.4 ,160 ,522 ,1270 ,160 ,62.54 ,1.54 ,4.98 ,28 ,2.4 ,180 ,60 ,5.16
0.34 ,400 ,649 ,1270 ,136 ,62.54 ,1.54 ,4.98 ,28 ,2.4 ,180 ,0 ,5.74
0.34 ,320 ,628 ,1270 ,136 ,62.54 ,1.54 ,4.98 ,28 ,2.4 ,180 ,20 ,6.07
0.34 ,280 ,618 ,1270 ,136 ,62.54 ,1.54 ,4.98 ,28 ,2.4 ,180 ,30 ,6.2
0.34 ,240 ,607 ,1270 ,136 ,62.54 ,1.54 ,4.98 ,28 ,2.4 ,180 ,40 ,6.2
0.34 ,200 ,596 ,1270 ,136 ,62.54 ,1.54 ,4.98 ,28 ,2.4 ,180 ,50 ,5.77
0.34 ,160 ,586 ,1270 ,136 ,62.54 ,1.54 ,4.98 ,28 ,2.4 ,180 ,60 ,5.17
0.3 ,400 ,692 ,1270 ,120 ,62.54 ,1.54 ,4.98 ,28 ,2.4 ,180 ,0 ,6.49
0.3 ,320 ,671 ,1270 ,120 ,62.54 ,1.54 ,4.98 ,28 ,2.4 ,180 ,20 ,6.6
0.3 ,280 ,660 ,1270 ,120 ,62.54 ,1.54 ,4.98 ,28 ,2.4 ,180 ,30 ,6.66
0.3 ,240 ,650 ,1270 ,120 ,62.54 ,1.54 ,4.98 ,28 ,2.4 ,180 ,40 ,6.71
0.3 ,200 ,639 ,1270 ,120 ,62.54 ,1.54 ,4.98 ,28 ,2.4 ,180 ,50 ,5.95
0.3 ,160 ,628 ,1270 ,120 ,62.54 ,1.54 ,4.98 ,28 ,2.4 ,180 ,60 ,5.45
0.4 ,400 ,585 ,1270 ,160 ,62.54 ,1.54 ,4.98 ,28 ,2.4 ,256 ,0 ,5.49
0.4 ,320 ,564 ,1270 ,160 ,62.54 ,1.54 ,4.98 ,28 ,2.4 ,256 ,20 ,5.61
0.4 ,280 ,554 ,1270 ,160 ,62.54 ,1.54 ,4.98 ,28 ,2.4 ,256 ,30 ,5.64
0.4 ,240 ,543 ,1270 ,160 ,62.54 ,1.54 ,4.98 ,28 ,2.4 ,256 ,40 ,5.83
0.4 ,200 ,533 ,1270 ,160 ,62.54 ,1.54 ,4.98 ,28 ,2.4 ,256 ,50 ,5.59
0.4 ,160 ,522 ,1270 ,160 ,62.54 ,1.54 ,4.98 ,28 ,2.4 ,256 ,60 ,5.34
0.34 ,400 ,649 ,1270 ,136 ,62.54 ,1.54 ,4.98 ,28 ,2.4 ,256 ,0 ,6.11
0.34 ,320 ,628 ,1270 ,136 ,62.54 ,1.54 ,4.98 ,28 ,2.4 ,256 ,20 ,6.19
0.34 ,280 ,618 ,1270 ,136 ,62.54 ,1.54 ,4.98 ,28 ,2.4 ,256 ,30 ,6.33
0.34 ,240 ,607 ,1270 ,136 ,62.54 ,1.54 ,4.98 ,28 ,2.4 ,256 ,40 ,6.57
0.34 ,200 ,596 ,1270 ,136 ,62.54 ,1.54 ,4.98 ,28 ,2.4 ,256 ,50 ,6.32
0.34 ,160 ,586 ,1270 ,136 ,62.54 ,1.54 ,4.98 ,28 ,2.4 ,256 ,60 ,5.61
0.3 ,400 ,692 ,1270 ,120 ,62.54 ,1.54 ,4.98 ,28 ,2.4 ,256 ,0 ,6.93
0.3 ,320 ,671 ,1270 ,120 ,62.54 ,1.54 ,4.98 ,28 ,2.4 ,256 ,20 ,7.04
0.3 ,280 ,660 ,1270 ,120 ,62.54 ,1.54 ,4.98 ,28 ,2.4 ,256 ,30 ,7.08
0.3 ,240 ,650 ,1270 ,120 ,62.54 ,1.54 ,4.98 ,28 ,2.4 ,256 ,40 ,7.28
0.3 ,200 ,639 ,1270 ,120 ,62.54 ,1.54 ,4.98 ,28 ,2.4 ,256 ,50 ,6.67
0.3 ,160 ,628 ,1270 ,120 ,62.54 ,1.54 ,4.98 ,28 ,2.4 ,256 ,60 ,5.6
0.4 ,400 ,585 ,1270 ,160 ,62.54 ,1.54 ,4.98 ,28 ,2.4 ,365 ,0 ,5.74
0.4 ,320 ,564 ,1270 ,160 ,62.54 ,1.54 ,4.98 ,28 ,2.4 ,365 ,20 ,5.84
0.4 ,280 ,554 ,1270 ,160 ,62.54 ,1.54 ,4.98 ,28 ,2.4 ,365 ,30 ,5.96
0.4 ,240 ,543 ,1270 ,160 ,62.54 ,1.54 ,4.98 ,28 ,2.4 ,365 ,40 ,6.06
0.4 ,200 ,533 ,1270 ,160 ,62.54 ,1.54 ,4.98 ,28 ,2.4 ,365 ,50 ,5.84
0.4 ,160 ,522 ,1270 ,160 ,62.54 ,1.54 ,4.98 ,28 ,2.4 ,365 ,60 ,5.48
0.34 ,400 ,649 ,1270 ,136 ,62.54 ,1.54 ,4.98 ,28 ,2.4 ,365 ,0 ,6.27
0.34 ,320 ,628 ,1270 ,136 ,62.54 ,1.54 ,4.98 ,28 ,2.4 ,365 ,20 ,6.33
0.34 ,280 ,618 ,1270 ,136 ,62.54 ,1.54 ,4.98 ,28 ,2.4 ,365 ,30 ,6.54
0.34 ,240 ,607 ,1270 ,136 ,62.54 ,1.54 ,4.98 ,28 ,2.4 ,365 ,40 ,6.71
0.34 ,200 ,596 ,1270 ,136 ,62.54 ,1.54 ,4.98 ,28 ,2.4 ,365 ,50 ,6.43
0.34 ,160 ,586 ,1270 ,136 ,62.54 ,1.54 ,4.98 ,28 ,2.4 ,365 ,60 ,5.78
0.3 ,400 ,692 ,1270 ,120 ,62.54 ,1.54 ,4.98 ,28 ,2.4 ,365 ,0 ,7.06
0.3 ,320 ,671 ,1270 ,120 ,62.54 ,1.54 ,4.98 ,28 ,2.4 ,365 ,20 ,7.06
0.3 ,280 ,660 ,1270 ,120 ,62.54 ,1.54 ,4.98 ,28 ,2.4 ,365 ,30 ,7.39
0.3 ,240 ,650 ,1270 ,120 ,62.54 ,1.54 ,4.98 ,28 ,2.4 ,365 ,40 ,7.5
0.3 ,200 ,639 ,1270 ,120 ,62.54 ,1.54 ,4.98 ,28 ,2.4 ,365 ,50 ,7.4
0.3 ,160 ,628 ,1270 ,120 ,62.54 ,1.54 ,4.98 ,28 ,2.4 ,365 ,60 ,6.22
- ,250 ,1285 ,555 ,218 ,57.55 ,2.1 ,6.5 ,25.16 ,- ,28 ,0 ,23.1
- ,200 ,1293 ,558 ,216 ,57.55 ,2.1 ,6.5 ,25.16 ,- ,28 ,15 ,21.3
- ,200 ,1266 ,547 ,219 ,57.55 ,2.1 ,6.5 ,25.16 ,- ,28 ,25 ,22.4
- ,200 ,1246 ,538 ,221 ,57.55 ,2.1 ,6.5 ,25.16 ,- ,28 ,33 ,22.9
- ,200 ,1225 ,529 ,224 ,57.55 ,2.1 ,6.5 ,25.16 ,- ,28 ,42 ,22.7
- ,200 ,1203 ,519 ,229 ,57.55 ,2.1 ,6.5 ,25.16 ,- ,28 ,50 ,21.4
- ,200 ,1184 ,511 ,232 ,57.55 ,2.1 ,6.5 ,25.16 ,- ,28 ,58 ,20
- ,300 ,1242 ,536 ,225 ,57.55 ,2.1 ,6.5 ,25.16 ,- ,28 ,0 ,29.5
- ,240 ,1251 ,540 ,223 ,57.55 ,2.1 ,6.5 ,25.16 ,- ,28 ,15 ,27.1
- ,240 ,1221 ,527 ,225 ,57.55 ,2.1 ,6.5 ,25.16 ,- ,28 ,25 ,29.2
- ,240 ,1195 ,516 ,228 ,57.55 ,2.1 ,6.5 ,25.16 ,- ,28 ,33 ,29.6
- ,240 ,1176 ,508 ,231 ,57.55 ,2.1 ,6.5 ,25.16 ,- ,28 ,42 ,29.8
- ,240 ,1146 ,495 ,236 ,57.55 ,2.1 ,6.5 ,25.16 ,- ,28 ,50 ,28.5
- ,240 ,1122 ,484 ,240 ,57.55 ,2.1 ,6.5 ,25.16 ,- ,28 ,58 ,26.9
- ,350 ,1197 ,517 ,232 ,57.55 ,2.1 ,6.5 ,25.16 ,- ,28 ,0 ,35.7
- ,280 ,1208 ,522 ,230 ,57.55 ,2.1 ,6.5 ,25.16 ,- ,28 ,15 ,33
- ,280 ,1174 ,507 ,232 ,57.55 ,2.1 ,6.5 ,25.16 ,- ,28 ,25 ,35.6
- ,280 ,1142 ,493 ,236 ,57.55 ,2.1 ,6.5 ,25.16 ,- ,28 ,33 ,36.2
- ,280 ,1114 ,481 ,240 ,57.55 ,2.1 ,6.5 ,25.16 ,- ,28 ,42 ,36.5
- ,280 ,1088 ,470 ,245 ,57.55 ,2.1 ,6.5 ,25.16 ,- ,28 ,50 ,35.5
- ,280 ,1058 ,457 ,249 ,57.55 ,2.1 ,6.5 ,25.16 ,- ,28 ,58 ,33.6
- ,400 ,1154 ,498 ,239 ,57.55 ,2.1 ,6.5 ,25.16 ,- ,28 ,0 ,41.5
- ,320 ,1159 ,501 ,237 ,57.55 ,2.1 ,6.5 ,25.16 ,- ,28 ,15 ,39.3
- ,320 ,1122 ,484 ,240 ,57.55 ,2.1 ,6.5 ,25.16 ,- ,28 ,25 ,41.4
- ,320 ,1096 ,473 ,243 ,57.55 ,2.1 ,6.5 ,25.16 ,- ,28 ,33 ,42.5
- ,320 ,1062 ,458 ,247 ,57.55 ,2.1 ,6.5 ,25.16 ,- ,28 ,42 ,42.7
- ,320 ,1032 ,446 ,251 ,57.55 ,2.1 ,6.5 ,25.16 ,- ,28 ,50 ,41.2
- ,320 ,1009 ,436 ,255 ,57.55 ,2.1 ,6.5 ,25.16 ,- ,28 ,58 ,39.5
- ,250 ,1285 ,555 ,218 ,57.55 ,2.1 ,6.5 ,25.16 ,- ,180 ,0 ,26.6
- ,200 ,1293 ,558 ,216 ,57.55 ,2.1 ,6.5 ,25.16 ,- ,180 ,15 ,25
- ,200 ,1266 ,547 ,219 ,57.55 ,2.1 ,6.5 ,25.16 ,- ,180 ,25 ,26.7
- ,200 ,1246 ,538 ,221 ,57.55 ,2.1 ,6.5 ,25.16 ,- ,180 ,33 ,27.2
- ,200 ,1225 ,529 ,224 ,57.55 ,2.1 ,6.5 ,25.16 ,- ,180 ,42 ,27.1
- ,200 ,1203 ,519 ,229 ,57.55 ,2.1 ,6.5 ,25.16 ,- ,180 ,50 ,25.7
- ,200 ,1184 ,511 ,232 ,57.55 ,2.1 ,6.5 ,25.16 ,- ,180 ,58 ,24.2
- ,300 ,1242 ,536 ,225 ,57.55 ,2.1 ,6.5 ,25.16 ,- ,180 ,0 ,34.2
- ,240 ,1251 ,540 ,223 ,57.55 ,2.1 ,6.5 ,25.16 ,- ,180 ,15 ,32.2
- ,240 ,1221 ,527 ,225 ,57.55 ,2.1 ,6.5 ,25.16 ,- ,180 ,25 ,34.6
- ,240 ,1195 ,516 ,228 ,57.55 ,2.1 ,6.5 ,25.16 ,- ,180 ,33 ,35.3
- ,240 ,1176 ,508 ,231 ,57.55 ,2.1 ,6.5 ,25.16 ,- ,180 ,42 ,35.6
- ,240 ,1146 ,495 ,236 ,57.55 ,2.1 ,6.5 ,25.16 ,- ,180 ,50 ,34.2
- ,240 ,1122 ,484 ,240 ,57.55 ,2.1 ,6.5 ,25.16 ,- ,180 ,58 ,32.6
- ,350 ,1197 ,517 ,232 ,57.55 ,2.1 ,6.5 ,25.16 ,- ,180 ,0 ,41.4
- ,280 ,1208 ,522 ,230 ,57.55 ,2.1 ,6.5 ,25.16 ,- ,180 ,15 ,38.9
- ,280 ,1174 ,507 ,232 ,57.55 ,2.1 ,6.5 ,25.16 ,- ,180 ,25 ,42.2
- ,280 ,1142 ,493 ,236 ,57.55 ,2.1 ,6.5 ,25.16 ,- ,180 ,33 ,43.3
- ,280 ,1114 ,481 ,240 ,57.55 ,2.1 ,6.5 ,25.16 ,- ,180 ,42 ,43.4
- ,280 ,1088 ,470 ,245 ,57.55 ,2.1 ,6.5 ,25.16 ,- ,180 ,50 ,42.5
- ,280 ,1058 ,457 ,249 ,57.55 ,2.1 ,6.5 ,25.16 ,- ,180 ,58 ,40.8
- ,400 ,1154 ,498 ,239 ,57.55 ,2.1 ,6.5 ,25.16 ,- ,180 ,0 ,48
- ,320 ,1159 ,501 ,237 ,57.55 ,2.1 ,6.5 ,25.16 ,- ,180 ,15 ,46.3
- ,320 ,1122 ,484 ,240 ,57.55 ,2.1 ,6.5 ,25.16 ,- ,180 ,25 ,49.3
- ,320 ,1096 ,473 ,243 ,57.55 ,2.1 ,6.5 ,25.16 ,- ,180 ,33 ,50.7
- ,320 ,1062 ,458 ,247 ,57.55 ,2.1 ,6.5 ,25.16 ,- ,180 ,42 ,50.9
- ,320 ,1032 ,446 ,251 ,57.55 ,2.1 ,6.5 ,25.16 ,- ,180 ,50 ,49.7
- ,320 ,1009 ,436 ,255 ,57.55 ,2.1 ,6.5 ,25.16 ,- ,180 ,58 ,48.3
0.38 ,347 ,864 ,1039 ,132 ,- ,- ,- ,- ,- ,28 ,0 ,59
0.31 ,157 ,827 ,1152 ,109 ,45.2 ,1.36 ,24.83 ,20.7 ,- ,28 ,56 ,68
0.46 ,304 ,830 ,1.68 ,139 ,- ,- ,- ,- ,- ,28 ,0 ,49
0.35 ,154 ,768 ,1129 ,123 ,45.2 ,1.36 ,24.83 ,20.7 ,- ,28 ,56 ,52
0.38 ,152 ,772 ,698 ,130 ,45.2 ,1.36 ,24.83 ,20.7 ,- ,28 ,56 ,26
0.39 ,153 ,755 ,609 ,136 ,45.2 ,1.36 ,24.83 ,20.7 ,- ,28 ,56 ,21
0.38 ,153 ,757 ,726 ,131 ,45.2 ,1.36 ,24.83 ,20.7 ,- ,28 ,56 ,31
0.33 ,154 ,645 ,1198 ,120 ,49.02 ,2.37 ,12.31 ,26.69 ,- ,28 ,58 ,32
0.33 ,149 ,631 ,1173 ,118 ,49.02 ,2.37 ,12.31 ,26.69 ,- ,28 ,58 ,38
0.33 ,152 ,645 ,1203 ,119 ,46.2 ,14.93 ,7.7 ,15.6 ,- ,28 ,58 ,37
0.33 ,154 ,650 ,1209 ,120 ,46.38 ,19.34 ,7.38 ,15.32 ,- ,28 ,58 ,37
0.33 ,152 ,638 ,1187 ,119 ,47.33 ,1.81 ,13.82 ,25.44 ,- ,28 ,58 ,33
0.36 ,500 ,876 ,876 ,180 ,50.5 ,2.6 ,7.4 ,24.7 ,- ,1 ,0 ,38
0.36 ,400 ,845 ,876 ,180 ,50.5 ,2.6 ,7.4 ,24.7 ,- ,1 ,20 ,19
0.36 ,300 ,813 ,876 ,180 ,50.5 ,2.6 ,7.4 ,24.7 ,- ,1 ,40 ,17
0.36 ,200 ,782 ,876 ,180 ,50.5 ,2.6 ,7.4 ,24.7 ,- ,1 ,60 ,5
0.36 ,100 ,751 ,876 ,180 ,50.5 ,2.6 ,7.4 ,24.7 ,- ,1 ,80 ,
0.36 ,500 ,876 ,876 ,180 ,50.5 ,2.6 ,7.4 ,24.7 ,- ,7 ,0 ,65
0.36 ,400 ,845 ,876 ,180 ,50.5 ,2.6 ,7.4 ,24.7 ,- ,7 ,20 ,42
0.36 ,300 ,813 ,876 ,180 ,50.5 ,2.6 ,7.4 ,24.7 ,- ,7 ,40 ,42
0.36 ,200 ,782 ,876 ,180 ,50.5 ,2.6 ,7.4 ,24.7 ,- ,7 ,60 ,21.5
0.36 ,100 ,751 ,876 ,180 ,50.5 ,2.6 ,7.4 ,24.7 ,- ,7 ,80 ,6
0.36 ,500 ,876 ,876 ,180 ,50.5 ,2.6 ,7.4 ,24.7 ,- ,28 ,0 ,72
0.36 ,400 ,845 ,876 ,180 ,50.5 ,2.6 ,7.4 ,24.7 ,- ,28 ,20 ,55
0.36 ,300 ,813 ,876 ,180 ,50.5 ,2.6 ,7.4 ,24.7 ,- ,28 ,40 ,58
0.36 ,200 ,782 ,876 ,180 ,50.5 ,2.6 ,7.4 ,24.7 ,- ,28 ,60 ,32.5
0.36 ,100 ,751 ,876 ,180 ,50.5 ,2.6 ,7.4 ,24.7 ,- ,28 ,80 ,10
0.36 ,500 ,876 ,876 ,180 ,50.5 ,2.6 ,7.4 ,24.7 ,- ,56 ,0 ,85
0.36 ,400 ,845 ,876 ,180 ,50.5 ,2.6 ,7.4 ,24.7 ,- ,56 ,20 ,61
0.36 ,300 ,813 ,876 ,180 ,50.5 ,2.6 ,7.4 ,24.7 ,- ,56 ,40 ,69
0.36 ,200 ,782 ,876 ,180 ,50.5 ,2.6 ,7.4 ,24.7 ,- ,56 ,60 ,39
0.36 ,100 ,751 ,876 ,180 ,50.5 ,2.6 ,7.4 ,24.7 ,- ,56 ,80 ,12
0.35 ,404 ,570 ,353 ,202 ,59.18 ,2.38 ,8.8 ,22.8 ,2.3 ,3 ,30 ,24
0.35 ,404 ,570 ,353 ,202 ,59.18 ,2.38 ,8.8 ,22.8 ,2.3 ,3 ,30 ,30
0.35 ,404 ,570 ,353 ,202 ,59.18 ,2.38 ,8.8 ,22.8 ,2.3 ,3 ,30 ,30
0.3 ,333 ,545 ,338 ,200 ,59.18 ,2.38 ,8.8 ,22.8 ,2.3 ,3 ,50 ,15
0.3 ,333 ,545 ,338 ,193 ,59.18 ,2.38 ,8.8 ,22.8 ,2.3 ,3 ,50 ,23
0.3 ,333 ,545 ,338 ,195 ,59.18 ,2.38 ,8.8 ,22.8 ,2.3 ,3 ,50 ,23
0.35 ,404 ,570 ,353 ,202 ,59.18 ,2.38 ,8.8 ,22.8 ,2.3 ,7 ,30 ,32
0.35 ,404 ,570 ,353 ,202 ,59.18 ,2.38 ,8.8 ,22.8 ,2.3 ,7 ,30 ,39
0.35 ,404 ,570 ,353 ,202 ,59.18 ,2.38 ,8.8 ,22.8 ,2.3 ,7 ,30 ,40
0.3 ,333 ,545 ,338 ,200 ,59.18 ,2.38 ,8.8 ,22.8 ,2.3 ,7 ,50 ,19
0.3 ,333 ,545 ,338 ,193 ,59.18 ,2.38 ,8.8 ,22.8 ,2.3 ,7 ,50 ,32
0.3 ,333 ,545 ,338 ,195 ,59.18 ,2.38 ,8.8 ,22.8 ,2.3 ,7 ,50 ,32
0.35 ,404 ,570 ,353 ,202 ,59.18 ,2.38 ,8.8 ,22.8 ,2.3 ,28 ,30 ,49
0.35 ,404 ,570 ,353 ,202 ,59.18 ,2.38 ,8.8 ,22.8 ,2.3 ,28 ,30 ,53
0.35 ,404 ,570 ,353 ,202 ,59.18 ,2.38 ,8.8 ,22.8 ,2.3 ,28 ,30 ,57.5
0.3 ,333 ,545 ,338 ,200 ,59.18 ,2.38 ,8.8 ,22.8 ,2.3 ,28 ,50 ,22
0.3 ,333 ,545 ,338 ,193 ,59.18 ,2.38 ,8.8 ,22.8 ,2.3 ,28 ,50 ,42
0.3 ,333 ,545 ,338 ,195 ,59.18 ,2.38 ,8.8 ,22.8 ,2.3 ,28 ,50 ,49
0.42 ,202.4 ,707.5 ,1057.3 ,180.4 ,33.1 ,28.5 ,6.53 ,11.6 ,2.37 ,3 ,60 ,10
0.42 ,201.9 ,707.5 ,1057.3 ,180.7 ,55.8 ,5.87 ,8.31 ,21 ,2.39 ,3 ,60 ,7
0.42 ,202.4 ,707.5 , , , , , , , , , ,
0.42 ,201.9 ,707.5 , , , , , , , , , ,
0.42 ,202.4 ,707.5 ,1057.3 ,180.4 ,33.1 ,28.5 ,6.53 ,11.6 ,2.37 ,28 ,60 ,34
0.42 ,201.9 ,707.5 ,1057.3 ,180.7 ,55.8 ,5.87 ,8.31 ,21 ,2.39 ,28 ,60 ,24
0.42 ,202.4 ,707.5 , , , , , , , , , ,
0.42 ,201.9 ,707.5 , , , , , , , , , ,
0.42 ,202.4 ,707.5 ,1057.3 ,180.4 ,33.1 ,28.5 ,6.53 ,11.6 ,2.37 ,90 ,60 ,46
0.42 ,201.9 ,707.5 ,1057.3 ,180.7 ,55.8 ,5.87 ,8.31 ,21 ,2.39 ,90 ,60 ,31
0.42 ,202.4 ,707.5 , , , , , , , , , ,
0.42 ,201.9 ,707.5 , , , , , , , , , ,
0.75 ,255 ,1745 ,- ,190 ,47.8 ,7.1 ,3.8 ,30.7 ,- ,3 ,0 ,10.5
0.49 ,385 ,1680 ,- ,190 ,47.8 ,7.1 ,3.8 ,30.7 ,- ,3 ,0 ,23.5
0.37 ,510 ,1675 ,- ,190 ,47.8 ,7.1 ,3.8 ,30.7 ,- ,3 ,0 ,39
0.7 ,215 ,1970 ,- ,175 ,47.8 ,7.1 ,3.8 ,30.7 ,- ,3 ,15 ,10.5
0.45 ,330 ,1850 ,- ,175 ,47.8 ,7.1 ,3.8 ,30.7 ,- ,3 ,15 ,23
0.35 ,420 ,1740 ,- ,175 ,47.8 ,7.1 ,3.8 ,30.7 ,- ,3 ,15 ,38.5
0.63 ,190 ,1950 ,- ,170 ,47.8 ,7.1 ,3.8 ,30.7 ,- ,3 ,30 ,10
0.41 ,290 ,1820 ,- ,170 ,47.8 ,7.1 ,3.8 ,30.7 ,- ,3 ,30 ,23
0.33 ,360 ,1700 ,- ,170 ,47.8 ,7.1 ,3.8 ,30.7 ,- ,3 ,30 ,38
0.53 ,170 ,1925 ,- ,165 ,47.8 ,7.1 ,3.8 ,30.7 ,- ,3 ,45 ,9.5
0.24 ,270 ,1755 ,- ,165 ,47.8 ,7.1 ,3.8 ,30.7 ,- ,3 ,45 ,21.5
0.36 ,350 ,1545 ,- ,165 ,47.8 ,7.1 ,3.8 ,30.7 ,- ,3 ,45 ,33.5
0.75 ,255 ,1745 ,- ,190 ,47.8 ,7.1 ,3.8 ,30.7 ,- ,7 ,0 ,16.5
0.49 ,385 ,1680 ,- ,190 ,47.8 ,7.1 ,3.8 ,30.7 ,- ,7 ,0 ,34.5
0.37 ,510 ,1675 ,- ,190 ,47.8 ,7.1 ,3.8 ,30.7 ,- ,7 ,0 ,52.5
0.7 ,215 ,1970 ,- ,175 ,47.8 ,7.1 ,3.8 ,30.7 ,- ,7 ,15 ,16
0.45 ,330 ,1850 ,- ,175 ,47.8 ,7.1 ,3.8 ,30.7 ,- ,7 ,15 ,33
0.35 ,420 ,1740 ,- ,175 ,47.8 ,7.1 ,3.8 ,30.7 ,- ,7 ,15 ,51
0.63 ,190 ,1950 ,- ,170 ,47.8 ,7.1 ,3.8 ,30.7 ,- ,7 ,30 ,15
0.41 ,290 ,1820 ,- ,170 ,47.8 ,7.1 ,3.8 ,30.7 ,- ,7 ,30 ,32
0.33 ,360 ,1700 ,- ,170 ,47.8 ,7.1 ,3.8 ,30.7 ,- ,7 ,30 ,48
0.53 ,170 ,1925 ,- ,165 ,47.8 ,7.1 ,3.8 ,30.7 ,- ,7 ,45 ,14
0.24 ,270 ,1755 ,- ,165 ,47.8 ,7.1 ,3.8 ,30.7 ,- ,7 ,45 ,30
0.36 ,350 ,1545 ,- ,165 ,47.8 ,7.1 ,3.8 ,30.7 ,- ,7 ,45 ,45
0.75 ,255 ,1745 ,- ,190 ,47.8 ,7.1 ,3.8 ,30.7 ,- ,14 ,0 ,20.5
0.49 ,385 ,1680 ,- ,190 ,47.8 ,7.1 ,3.8 ,30.7 ,- ,14 ,0 ,41.5
0.37 ,510 ,1675 ,- ,190 ,47.8 ,7.1 ,3.8 ,30.7 ,- ,14 ,0 ,62.5
0.7 ,215 ,1970 ,- ,175 ,47.8 ,7.1 ,3.8 ,30.7 ,- ,14 ,15 ,20
0.45 ,330 ,1850 ,- ,175 ,47.8 ,7.1 ,3.8 ,30.7 ,- ,14 ,15 ,40.5
0.35 ,420 ,1740 ,- ,175 ,47.8 ,7.1 ,3.8 ,30.7 ,- ,14 ,15 ,62.5
0.63 ,190 ,1950 ,- ,170 ,47.8 ,7.1 ,3.8 ,30.7 ,- ,14 ,30 ,19.5
0.41 ,290 ,1820 ,- ,170 ,47.8 ,7.1 ,3.8 ,30.7 ,- ,14 ,30 ,40
0.33 ,360 ,1700 ,- ,170 ,47.8 ,7.1 ,3.8 ,30.7 ,- ,14 ,30 ,57.5
0.53 ,170 ,1925 ,- ,165 ,47.8 ,7.1 ,3.8 ,30.7 ,- ,14 ,45 ,18.5
0.24 ,270 ,1755 ,- ,165 ,47.8 ,7.1 ,3.8 ,30.7 ,- ,14 ,45 ,39
0.36 ,350 ,1545 ,- ,165 ,47.8 ,7.1 ,3.8 ,30.7 ,- ,14 ,45 ,55.5
0.4 ,352 ,676 ,1205 ,141 ,50.96 ,2.15 ,8.25 ,25.88 ,- ,3 ,0 ,24.23
0.4 ,282 ,676 ,1205 ,141 ,50.96 ,2.15 ,8.25 ,25.88 ,- ,3 ,20 ,16.95
0.4 ,246 ,675 ,1205 ,141 ,50.96 ,2.15 ,8.25 ,25.88 ,- ,3 ,30 ,14.23
0.4 ,352 ,676 ,1205 ,141 ,50.96 ,2.15 ,8.25 ,25.88 ,- ,7 ,0 ,33.18
0.4 ,282 ,676 ,1205 ,141 ,50.96 ,2.15 ,8.25 ,25.88 ,- ,7 ,20 ,30.12
0.4 ,246 ,675 ,1205 ,141 ,50.96 ,2.15 ,8.25 ,25.88 ,- ,7 ,30 ,30.06
0.4 ,352 ,676 ,1205 ,141 ,50.96 ,2.15 ,8.25 ,25.88 ,- ,28 ,0 ,47.51
0.4 ,282 ,676 ,1205 ,141 ,50.96 ,2.15 ,8.25 ,25.88 ,- ,28 ,20 ,48.96
0.4 ,246 ,675 ,1205 ,141 ,50.96 ,2.15 ,8.25 ,25.88 ,- ,28 ,30 ,45.1
0.4 ,352 ,676 ,1205 ,141 ,50.96 ,2.15 ,8.25 ,25.88 ,- ,90 ,0 ,55.13
0.4 ,282 ,676 ,1205 ,141 ,50.96 ,2.15 ,8.25 ,25.88 ,- ,90 ,20 ,59.35
0.4 ,246 ,675 ,1205 ,141 ,50.96 ,2.15 ,8.25 ,25.88 ,- ,90 ,30 ,55.11
0.4 ,352 ,676 ,1205 ,141 ,50.96 ,2.15 ,8.25 ,25.88 ,- ,180 ,0 ,57.22
0.4 ,282 ,676 ,1205 ,141 ,50.96 ,2.15 ,8.25 ,25.88 ,- ,180 ,20 ,62.81
0.4 ,246 ,675 ,1205 ,141 ,50.96 ,2.15 ,8.25 ,25.88 ,- ,180 ,30 ,58.83
0.4 ,352 ,676 ,1205 ,141 ,50.96 ,2.15 ,8.25 ,25.88 ,- ,365 ,0 ,59.25
0.4 ,282 ,676 ,1205 ,141 ,50.96 ,2.15 ,8.25 ,25.88 ,- ,365 ,20 ,
